threshold,cap,wordsRequiredAtD10,label,digest8,ndcg@1,ndcg@5,ndcg@8,ndcg@10,p@1,p@5,p@8,p@10,r@1,r@5,r@8,r@10,mrr@10,runLines,zeroResultQueries,p95SearchMs
0,1,1,sw-t0.0000-c1,e14b473e,0.097078,0.077916,0.077680,0.077659,0.101997,0.020399,0.012750,0.010200,0.071147,0.071147,0.071147,0.071147,0.101997,2304,0,1.597292
0,2,1,sw-t0.0000-c2,25cfdddf,0.097078,0.103044,0.102646,0.102586,0.101997,0.031250,0.019531,0.015625,0.071147,0.106574,0.106574,0.106574,0.127604,4608,0,1.571208
0,3,1,sw-t0.0000-c3,6b013897,0.097078,0.112970,0.112440,0.112350,0.101997,0.037674,0.023546,0.018837,0.071147,0.123778,0.123778,0.123778,0.136429,6912,0,1.624583
0,4,1,sw-t0.0000-c4,b5007041,0.097078,0.121908,0.121292,0.121189,0.101997,0.043837,0.027398,0.021918,0.071147,0.142267,0.142267,0.142267,0.142506,9216,0,1.723209
0,5,1,sw-t0.0000-c5,d1b76e7f,0.097078,0.129059,0.128345,0.128226,0.101997,0.049306,0.030816,0.024653,0.071147,0.158169,0.158169,0.158169,0.146238,11520,0,1.628958
0,6,1,sw-t0.0000-c6,baa58679,0.097078,0.129059,0.133105,0.132980,0.101997,0.049306,0.033366,0.026693,0.071147,0.158169,0.169888,0.169888,0.148770,13824,0,1.699416
0,7,1,sw-t0.0000-c7,29eb5959,0.097078,0.129059,0.136976,0.136844,0.101997,0.049306,0.035645,0.028516,0.071147,0.158169,0.179854,0.179854,0.150506,16128,0,1.536959
0,8,1,sw-t0.0000-c8,c98168ed,0.097078,0.129059,0.140393,0.140251,0.101997,0.049306,0.037652,0.030122,0.071147,0.158169,0.189303,0.189303,0.152080,18432,0,1.525125
0,9,1,sw-t0.0000-c9,29de11b6,0.097078,0.129059,0.140393,0.142864,0.101997,0.049306,0.037652,0.031554,0.071147,0.158169,0.189303,0.197134,0.152996,20736,0,1.707208
0,10,1,sw-t0.0000-c10,6245ccbf,0.097078,0.129059,0.140393,0.145337,0.101997,0.049306,0.037652,0.032769,0.071147,0.158169,0.189303,0.205223,0.153951,23040,0,1.635250
0.1,1,2,sw-t0.1000-c1,2683ec7f,0.097078,0.077916,0.077680,0.077659,0.101997,0.020399,0.012750,0.010200,0.071147,0.071147,0.071147,0.071147,0.101997,2293,11,1.304334
0.1,2,2,sw-t0.1000-c2,b4852967,0.097078,0.103044,0.102646,0.102586,0.101997,0.031250,0.019531,0.015625,0.071147,0.106574,0.106574,0.106574,0.127604,4571,11,1.165084
0.1,3,2,sw-t0.1000-c3,2b23cc4e,0.097078,0.112970,0.112440,0.112350,0.101997,0.037674,0.023546,0.018837,0.071147,0.123778,0.123778,0.123778,0.136429,6836,11,1.175625
0.1,4,2,sw-t0.1000-c4,a17ee8f5,0.097078,0.121908,0.121292,0.121189,0.101997,0.043837,0.027398,0.021918,0.071147,0.142267,0.142267,0.142267,0.142506,9084,11,1.081709
0.1,5,2,sw-t0.1000-c5,af78c6fe,0.097078,0.129059,0.128345,0.128226,0.101997,0.049306,0.030816,0.024653,0.071147,0.158169,0.158169,0.158169,0.146238,11317,11,1.395292
0.1,6,2,sw-t0.1000-c6,6b32bb0d,0.097078,0.129059,0.133105,0.132980,0.101997,0.049306,0.033366,0.026693,0.071147,0.158169,0.169888,0.169888,0.148770,13536,11,1.115250
0.1,7,2,sw-t0.1000-c7,81bf9d5d,0.097078,0.129059,0.136887,0.136755,0.101997,0.049306,0.035590,0.028472,0.071147,0.158169,0.179637,0.179637,0.150444,15741,11,1.126084
0.1,8,2,sw-t0.1000-c8,53c59b54,0.097078,0.129059,0.140167,0.140025,0.101997,0.049306,0.037543,0.030035,0.071147,0.158169,0.188652,0.188652,0.151963,17925,11,1.201250
0.1,9,2,sw-t0.1000-c9,642a4ea1,0.097078,0.129059,0.140167,0.142638,0.101997,0.049306,0.037543,0.031467,0.071147,0.158169,0.188652,0.196482,0.152880,20086,11,1.151542
0.1,10,2,sw-t0.1000-c10,7f436e2d,0.097078,0.129059,0.140167,0.145111,0.101997,0.049306,0.037543,0.032682,0.071147,0.158169,0.188652,0.204572,0.153835,22223,11,1.151250
0.1111,1,2,sw-t0.1111-c1,dec0d1ba,0.097078,0.077916,0.077680,0.077659,0.101997,0.020399,0.012750,0.010200,0.071147,0.071147,0.071147,0.071147,0.101997,2293,11,1.123000
0.1111,2,2,sw-t0.1111-c2,471f484b,0.097078,0.103044,0.102646,0.102586,0.101997,0.031250,0.019531,0.015625,0.071147,0.106574,0.106574,0.106574,0.127604,4571,11,1.188166
0.1111,3,2,sw-t0.1111-c3,be2a320a,0.097078,0.112970,0.112440,0.112350,0.101997,0.037674,0.023546,0.018837,0.071147,0.123778,0.123778,0.123778,0.136429,6836,11,1.102250
0.1111,4,2,sw-t0.1111-c4,4a8d752f,0.097078,0.121908,0.121292,0.121189,0.101997,0.043837,0.027398,0.021918,0.071147,0.142267,0.142267,0.142267,0.142506,9084,11,1.117541
0.1111,5,2,sw-t0.1111-c5,d7890d51,0.097078,0.129059,0.128345,0.128226,0.101997,0.049306,0.030816,0.024653,0.071147,0.158169,0.158169,0.158169,0.146238,11316,11,1.140875
0.1111,6,2,sw-t0.1111-c6,58625c5a,0.097078,0.129059,0.133105,0.132980,0.101997,0.049306,0.033366,0.026693,0.071147,0.158169,0.169888,0.169888,0.148770,13534,11,1.095458
0.1111,7,2,sw-t0.1111-c7,9323f8ee,0.097078,0.129059,0.136887,0.136755,0.101997,0.049306,0.035590,0.028472,0.071147,0.158169,0.179637,0.179637,0.150444,15738,11,1.149333
0.1111,8,2,sw-t0.1111-c8,bb6128de,0.097078,0.129059,0.140167,0.140025,0.101997,0.049306,0.037543,0.030035,0.071147,0.158169,0.188652,0.188652,0.151963,17921,11,1.120083
0.1111,9,2,sw-t0.1111-c9,9287815c,0.097078,0.129059,0.140167,0.142638,0.101997,0.049306,0.037543,0.031467,0.071147,0.158169,0.188652,0.196482,0.152880,20081,11,1.119625
0.1111,10,2,sw-t0.1111-c10,64f30fbe,0.097078,0.129059,0.140167,0.145111,0.101997,0.049306,0.037543,0.032682,0.071147,0.158169,0.188652,0.204572,0.153835,22217,11,1.113500
0.125,1,2,sw-t0.1250-c1,bbe45f68,0.097078,0.077916,0.077680,0.077659,0.101997,0.020399,0.012750,0.010200,0.071147,0.071147,0.071147,0.071147,0.101997,2293,11,1.127500
0.125,2,2,sw-t0.1250-c2,03850046,0.097078,0.103044,0.102646,0.102586,0.101997,0.031250,0.019531,0.015625,0.071147,0.106574,0.106574,0.106574,0.127604,4571,11,1.137833
0.125,3,2,sw-t0.1250-c3,8ae2ae46,0.097078,0.112970,0.112440,0.112350,0.101997,0.037674,0.023546,0.018837,0.071147,0.123778,0.123778,0.123778,0.136429,6836,11,1.115750
0.125,4,2,sw-t0.1250-c4,74e2c3f1,0.097078,0.121908,0.121292,0.121189,0.101997,0.043837,0.027398,0.021918,0.071147,0.142267,0.142267,0.142267,0.142506,9084,11,1.069375
0.125,5,2,sw-t0.1250-c5,7446b415,0.097078,0.129059,0.128345,0.128226,0.101997,0.049306,0.030816,0.024653,0.071147,0.158169,0.158169,0.158169,0.146238,11316,11,1.137417
0.125,6,2,sw-t0.1250-c6,a00376d5,0.097078,0.129059,0.133105,0.132980,0.101997,0.049306,0.033366,0.026693,0.071147,0.158169,0.169888,0.169888,0.148770,13534,11,1.093667
0.125,7,2,sw-t0.1250-c7,11517c89,0.097078,0.129059,0.136887,0.136755,0.101997,0.049306,0.035590,0.028472,0.071147,0.158169,0.179637,0.179637,0.150444,15738,11,2.048250
0.125,8,2,sw-t0.1250-c8,cb522149,0.097078,0.129059,0.140167,0.140025,0.101997,0.049306,0.037543,0.030035,0.071147,0.158169,0.188652,0.188652,0.151963,17921,11,1.188958
0.125,9,2,sw-t0.1250-c9,ea9dfd4e,0.097078,0.129059,0.140167,0.142638,0.101997,0.049306,0.037543,0.031467,0.071147,0.158169,0.188652,0.196482,0.152880,20081,11,1.506125
0.125,10,2,sw-t0.1250-c10,91ed381c,0.097078,0.129059,0.140167,0.145111,0.101997,0.049306,0.037543,0.032682,0.071147,0.158169,0.188652,0.204572,0.153835,22217,11,1.171083
0.1429,1,2,sw-t0.1429-c1,8094a512,0.097078,0.077916,0.077680,0.077659,0.101997,0.020399,0.012750,0.010200,0.071147,0.071147,0.071147,0.071147,0.101997,2293,11,1.240667
0.1429,2,2,sw-t0.1429-c2,847d5bf3,0.097078,0.103044,0.102646,0.102586,0.101997,0.031250,0.019531,0.015625,0.071147,0.106574,0.106574,0.106574,0.127604,4571,11,1.032542
0.1429,3,2,sw-t0.1429-c3,13d1cbb3,0.097078,0.112970,0.112440,0.112350,0.101997,0.037674,0.023546,0.018837,0.071147,0.123778,0.123778,0.123778,0.136429,6836,11,0.974459
0.1429,4,2,sw-t0.1429-c4,397350f5,0.097078,0.121908,0.121292,0.121189,0.101997,0.043837,0.027398,0.021918,0.071147,0.142267,0.142267,0.142267,0.142506,9084,11,1.053709
0.1429,5,2,sw-t0.1429-c5,310a03dc,0.097078,0.129059,0.128345,0.128226,0.101997,0.049306,0.030816,0.024653,0.071147,0.158169,0.158169,0.158169,0.146238,11316,11,1.026459
0.1429,6,2,sw-t0.1429-c6,59188aae,0.097078,0.129059,0.133105,0.132980,0.101997,0.049306,0.033366,0.026693,0.071147,0.158169,0.169888,0.169888,0.148770,13534,11,0.978542
0.1429,7,2,sw-t0.1429-c7,c50ca3f0,0.097078,0.129059,0.136887,0.136755,0.101997,0.049306,0.035590,0.028472,0.071147,0.158169,0.179637,0.179637,0.150444,15737,11,1.061834
0.1429,8,2,sw-t0.1429-c8,8fbfa88a,0.097078,0.129059,0.140167,0.140025,0.101997,0.049306,0.037543,0.030035,0.071147,0.158169,0.188652,0.188652,0.151963,17919,11,1.021208
0.1429,9,2,sw-t0.1429-c9,612b12d1,0.097078,0.129059,0.140167,0.142638,0.101997,0.049306,0.037543,0.031467,0.071147,0.158169,0.188652,0.196482,0.152880,20078,11,1.001708
0.1429,10,2,sw-t0.1429-c10,453cdc03,0.097078,0.129059,0.140167,0.145111,0.101997,0.049306,0.037543,0.032682,0.071147,0.158169,0.188652,0.204572,0.153835,22213,11,1.020416
0.15,1,2,sw-t0.1500-c1,18e74b04,0.097078,0.077916,0.077680,0.077659,0.101997,0.020399,0.012750,0.010200,0.071147,0.071147,0.071147,0.071147,0.101997,2293,11,0.934708
0.15,2,2,sw-t0.1500-c2,52b058e7,0.097078,0.103044,0.102646,0.102586,0.101997,0.031250,0.019531,0.015625,0.071147,0.106574,0.106574,0.106574,0.127604,4571,11,0.961917
0.15,3,2,sw-t0.1500-c3,5114fd1c,0.097078,0.112970,0.112440,0.112350,0.101997,0.037674,0.023546,0.018837,0.071147,0.123778,0.123778,0.123778,0.136429,6836,11,0.960250
0.15,4,2,sw-t0.1500-c4,a196b2e8,0.097078,0.121908,0.121292,0.121189,0.101997,0.043837,0.027398,0.021918,0.071147,0.142267,0.142267,0.142267,0.142506,9084,11,0.944375
0.15,5,2,sw-t0.1500-c5,02826ca1,0.097078,0.129059,0.128345,0.128226,0.101997,0.049306,0.030816,0.024653,0.071147,0.158169,0.158169,0.158169,0.146238,11316,11,0.999459
0.15,6,2,sw-t0.1500-c6,fff2f438,0.097078,0.129059,0.133105,0.132980,0.101997,0.049306,0.033366,0.026693,0.071147,0.158169,0.169888,0.169888,0.148770,13534,11,1.181375
0.15,7,2,sw-t0.1500-c7,2357679e,0.097078,0.129059,0.136887,0.136755,0.101997,0.049306,0.035590,0.028472,0.071147,0.158169,0.179637,0.179637,0.150444,15737,11,0.970000
0.15,8,2,sw-t0.1500-c8,93bc8d65,0.097078,0.129059,0.140167,0.140025,0.101997,0.049306,0.037543,0.030035,0.071147,0.158169,0.188652,0.188652,0.151963,17919,11,0.972792
0.15,9,2,sw-t0.1500-c9,dd728433,0.097078,0.129059,0.140167,0.142638,0.101997,0.049306,0.037543,0.031467,0.071147,0.158169,0.188652,0.196482,0.152880,20078,11,0.986291
0.15,10,2,sw-t0.1500-c10,86075e83,0.097078,0.129059,0.140167,0.145111,0.101997,0.049306,0.037543,0.032682,0.071147,0.158169,0.188652,0.204572,0.153835,22213,11,0.993459
0.1667,1,2,sw-t0.1667-c1,c5318a66,0.097078,0.077916,0.077680,0.077659,0.101997,0.020399,0.012750,0.010200,0.071147,0.071147,0.071147,0.071147,0.101997,2293,11,1.005875
0.1667,2,2,sw-t0.1667-c2,6725baaf,0.097078,0.103044,0.102646,0.102586,0.101997,0.031250,0.019531,0.015625,0.071147,0.106574,0.106574,0.106574,0.127604,4571,11,1.019125
0.1667,3,2,sw-t0.1667-c3,3d2cac6e,0.097078,0.112970,0.112440,0.112350,0.101997,0.037674,0.023546,0.018837,0.071147,0.123778,0.123778,0.123778,0.136429,6836,11,1.167792
0.1667,4,2,sw-t0.1667-c4,6599254e,0.097078,0.121908,0.121292,0.121189,0.101997,0.043837,0.027398,0.021918,0.071147,0.142267,0.142267,0.142267,0.142506,9084,11,1.109709
0.1667,5,2,sw-t0.1667-c5,dfc640d4,0.097078,0.129059,0.128345,0.128226,0.101997,0.049306,0.030816,0.024653,0.071147,0.158169,0.158169,0.158169,0.146238,11316,11,1.228125
0.1667,6,2,sw-t0.1667-c6,a202fa7e,0.097078,0.129059,0.133105,0.132980,0.101997,0.049306,0.033366,0.026693,0.071147,0.158169,0.169888,0.169888,0.148770,13533,11,1.113000
0.1667,7,2,sw-t0.1667-c7,daed1535,0.097078,0.129059,0.136887,0.136755,0.101997,0.049306,0.035590,0.028472,0.071147,0.158169,0.179637,0.179637,0.150444,15735,11,1.142792
0.1667,8,2,sw-t0.1667-c8,73a7f4f0,0.097078,0.129059,0.140167,0.140025,0.101997,0.049306,0.037543,0.030035,0.071147,0.158169,0.188652,0.188652,0.151963,17916,11,1.081167
0.1667,9,2,sw-t0.1667-c9,4a075d57,0.097078,0.129059,0.140167,0.142638,0.101997,0.049306,0.037543,0.031467,0.071147,0.158169,0.188652,0.196482,0.152880,20073,11,1.104958
0.1667,10,2,sw-t0.1667-c10,f7ede1b8,0.097078,0.129059,0.140167,0.145111,0.101997,0.049306,0.037543,0.032682,0.071147,0.158169,0.188652,0.204572,0.153835,22206,11,1.119125
0.2,1,3,sw-t0.2000-c1,2828908b,0.091869,0.073331,0.073094,0.073073,0.096788,0.019358,0.012099,0.009679,0.066879,0.066879,0.066879,0.066879,0.096788,1843,461,1.054542
0.2,2,3,sw-t0.2000-c2,4bbd9210,0.091869,0.095917,0.095519,0.095459,0.096788,0.029253,0.018283,0.014627,0.066879,0.098617,0.098617,0.098617,0.120660,3363,461,1.095042
0.2,3,3,sw-t0.2000-c3,7c2618e4,0.091869,0.104615,0.104087,0.103998,0.096788,0.034809,0.021756,0.017405,0.066879,0.113470,0.113470,0.113470,0.128038,4632,461,1.121041
0.2,4,3,sw-t0.2000-c4,a328d4b3,0.091869,0.111699,0.111114,0.111018,0.096788,0.039670,0.024794,0.019835,0.066879,0.128151,0.128151,0.128151,0.133030,5766,461,1.074500
0.2,5,3,sw-t0.2000-c5,c06725b4,0.091869,0.116501,0.115854,0.115747,0.096788,0.043490,0.027181,0.021745,0.066879,0.138835,0.138835,0.138835,0.135634,6763,461,1.100416
0.2,6,3,sw-t0.2000-c6,03fdc09f,0.091869,0.116501,0.118987,0.118878,0.096788,0.043490,0.028971,0.023177,0.066879,0.138835,0.146357,0.146357,0.137297,7665,461,1.056042
0.2,7,3,sw-t0.2000-c7,0ab47c03,0.091869,0.116501,0.121304,0.121190,0.096788,0.043490,0.030382,0.024306,0.066879,0.138835,0.152432,0.152432,0.138476,8484,461,1.025667
0.2,8,3,sw-t0.2000-c8,16f55b83,0.091869,0.116501,0.123025,0.122905,0.096788,0.043490,0.031467,0.025174,0.066879,0.138835,0.157136,0.157136,0.139289,9235,461,1.065875
0.2,9,3,sw-t0.2000-c9,a975d259,0.091869,0.116501,0.123025,0.123704,0.096788,0.043490,0.031467,0.025825,0.066879,0.138835,0.157136,0.159555,0.139579,9923,461,1.073167
0.2,10,3,sw-t0.2000-c10,b6ade04a,0.091869,0.116501,0.123025,0.124615,0.096788,0.043490,0.031467,0.026345,0.066879,0.138835,0.157136,0.162555,0.139926,10559,461,1.060875
0.2222,1,3,sw-t0.2222-c1,0c04d026,0.091869,0.073331,0.073094,0.073073,0.096788,0.019358,0.012099,0.009679,0.066879,0.066879,0.066879,0.066879,0.096788,1841,463,1.105625
0.2222,2,3,sw-t0.2222-c2,d179b0fa,0.091869,0.095917,0.095519,0.095459,0.096788,0.029253,0.018283,0.014627,0.066879,0.098617,0.098617,0.098617,0.120660,3358,463,1.043375
0.2222,3,3,sw-t0.2222-c3,4095469e,0.091869,0.104615,0.104087,0.103998,0.096788,0.034809,0.021756,0.017405,0.066879,0.113470,0.113470,0.113470,0.128038,4619,463,1.050792
0.2222,4,3,sw-t0.2222-c4,013b1f02,0.091869,0.111699,0.111114,0.111018,0.096788,0.039670,0.024794,0.019835,0.066879,0.128151,0.128151,0.128151,0.133030,5744,463,1.044125
0.2222,5,3,sw-t0.2222-c5,95ca9058,0.091869,0.116501,0.115854,0.115747,0.096788,0.043490,0.027181,0.021745,0.066879,0.138835,0.138835,0.138835,0.135634,6732,463,1.066417
0.2222,6,3,sw-t0.2222-c6,4c4e529a,0.091869,0.116501,0.118987,0.118878,0.096788,0.043490,0.028971,0.023177,0.066879,0.138835,0.146357,0.146357,0.137297,7624,463,1.090334
0.2222,7,3,sw-t0.2222-c7,6f046c35,0.091869,0.116501,0.121304,0.121190,0.096788,0.043490,0.030382,0.024306,0.066879,0.138835,0.152432,0.152432,0.138476,8431,463,1.046041
0.2222,8,3,sw-t0.2222-c8,fbff7380,0.091869,0.116501,0.123025,0.122905,0.096788,0.043490,0.031467,0.025174,0.066879,0.138835,0.157136,0.157136,0.139289,9170,463,1.084208
0.2222,9,3,sw-t0.2222-c9,fa19615a,0.091869,0.116501,0.123025,0.123704,0.096788,0.043490,0.031467,0.025825,0.066879,0.138835,0.157136,0.159555,0.139579,9845,463,1.065167
0.2222,10,3,sw-t0.2222-c10,19f07272,0.091869,0.116501,0.123025,0.124615,0.096788,0.043490,0.031467,0.026345,0.066879,0.138835,0.157136,0.162555,0.139926,10467,463,1.061125
0.25,1,3,sw-t0.2500-c1,5f17d28c,0.091869,0.073331,0.073094,0.073073,0.096788,0.019358,0.012099,0.009679,0.066879,0.066879,0.066879,0.066879,0.096788,1837,467,1.701917
0.25,2,3,sw-t0.2500-c2,97d0d1e9,0.091869,0.095917,0.095519,0.095459,0.096788,0.029253,0.018283,0.014627,0.066879,0.098617,0.098617,0.098617,0.120660,3349,467,0.933750
0.25,3,3,sw-t0.2500-c3,0d6a54c2,0.091869,0.104615,0.104087,0.103998,0.096788,0.034809,0.021756,0.017405,0.066879,0.113470,0.113470,0.113470,0.128038,4601,467,1.183250
0.25,4,3,sw-t0.2500-c4,e0f19cdb,0.091869,0.111699,0.111114,0.111018,0.096788,0.039670,0.024794,0.019835,0.066879,0.128151,0.128151,0.128151,0.133030,5712,467,1.172417
0.25,5,3,sw-t0.2500-c5,3ec9528e,0.091869,0.116501,0.115854,0.115747,0.096788,0.043490,0.027181,0.021745,0.066879,0.138835,0.138835,0.138835,0.135634,6685,467,1.059292
0.25,6,3,sw-t0.2500-c6,67961360,0.091869,0.116501,0.118987,0.118878,0.096788,0.043490,0.028971,0.023177,0.066879,0.138835,0.146357,0.146357,0.137297,7562,467,1.073916
0.25,7,3,sw-t0.2500-c7,d49688c0,0.091869,0.116501,0.121304,0.121190,0.096788,0.043490,0.030382,0.024306,0.066879,0.138835,0.152432,0.152432,0.138476,8353,467,1.171583
0.25,8,3,sw-t0.2500-c8,093b929a,0.091869,0.116501,0.123025,0.122905,0.096788,0.043490,0.031467,0.025174,0.066879,0.138835,0.157136,0.157136,0.139289,9076,467,1.039083
0.25,9,3,sw-t0.2500-c9,31b7ee82,0.091869,0.116501,0.123025,0.123704,0.096788,0.043490,0.031467,0.025825,0.066879,0.138835,0.157136,0.159555,0.139579,9735,467,1.042250
0.25,10,3,sw-t0.2500-c10,d5fe62f9,0.091869,0.116501,0.123025,0.124615,0.096788,0.043490,0.031467,0.026345,0.066879,0.138835,0.157136,0.162555,0.139926,10341,467,1.036542
0.2857,1,3,sw-t0.2857-c1,1f1cb03e,0.091869,0.073331,0.073094,0.073073,0.096788,0.019358,0.012099,0.009679,0.066879,0.066879,0.066879,0.066879,0.096788,1832,472,1.010917
0.2857,2,3,sw-t0.2857-c2,f638be8f,0.091869,0.095917,0.095519,0.095459,0.096788,0.029253,0.018283,0.014627,0.066879,0.098617,0.098617,0.098617,0.120660,3335,472,1.042250
0.2857,3,3,sw-t0.2857-c3,4d1fd9b8,0.091869,0.104615,0.104087,0.103998,0.096788,0.034809,0.021756,0.017405,0.066879,0.113470,0.113470,0.113470,0.128038,4577,472,1.048458
0.2857,4,3,sw-t0.2857-c4,8e2c1ba9,0.091869,0.111699,0.111114,0.111018,0.096788,0.039670,0.024794,0.019835,0.066879,0.128151,0.128151,0.128151,0.133030,5677,472,1.007583
0.2857,5,3,sw-t0.2857-c5,0e84ef45,0.091869,0.116501,0.115854,0.115747,0.096788,0.043490,0.027181,0.021745,0.066879,0.138835,0.138835,0.138835,0.135634,6637,472,1.016250
0.2857,6,3,sw-t0.2857-c6,4eaa17f4,0.091869,0.116501,0.118987,0.118878,0.096788,0.043490,0.028971,0.023177,0.066879,0.138835,0.146357,0.146357,0.137297,7500,472,1.036167
0.2857,7,3,sw-t0.2857-c7,a1171cde,0.091869,0.116501,0.121304,0.121190,0.096788,0.043490,0.030382,0.024306,0.066879,0.138835,0.152432,0.152432,0.138476,8276,472,1.074708
0.2857,8,3,sw-t0.2857-c8,8854d828,0.091869,0.116501,0.122971,0.122852,0.096788,0.043490,0.031413,0.025130,0.066879,0.138835,0.157027,0.157027,0.139235,8984,472,1.059917
0.2857,9,3,sw-t0.2857-c9,44187682,0.091869,0.116501,0.122971,0.123651,0.096788,0.043490,0.031413,0.025781,0.066879,0.138835,0.157027,0.159447,0.139524,9628,472,1.004375
0.2857,10,3,sw-t0.2857-c10,9c65aeb1,0.091869,0.116501,0.122971,0.124561,0.096788,0.043490,0.031413,0.026302,0.066879,0.138835,0.157027,0.162447,0.139872,10219,472,1.025333
0.3,1,4,sw-t0.3000-c1,0e57485d,0.052373,0.041689,0.041608,0.041603,0.055556,0.011111,0.006944,0.005556,0.037814,0.037814,0.037814,0.037814,0.055556,727,1577,1.026125
0.3,2,4,sw-t0.3000-c2,ee1c90d0,0.052373,0.050160,0.050034,0.050013,0.055556,0.014670,0.009169,0.007335,0.037814,0.049613,0.049613,0.049613,0.064019,1119,1577,1.008625
0.3,3,4,sw-t0.3000-c3,639084aa,0.052373,0.052589,0.052407,0.052371,0.055556,0.016233,0.010145,0.008116,0.037814,0.053542,0.053542,0.053542,0.065755,1365,1577,1.025375
0.3,4,4,sw-t0.3000-c4,c2e68bf9,0.052373,0.053899,0.053702,0.053661,0.055556,0.017101,0.010688,0.008550,0.037814,0.056416,0.056416,0.056416,0.066623,1541,1577,1.038250
0.3,5,4,sw-t0.3000-c5,b9e6ff06,0.052373,0.054584,0.054354,0.054302,0.055556,0.017795,0.011122,0.008898,0.037814,0.057753,0.057753,0.057753,0.067057,1684,1577,0.993292
0.3,6,4,sw-t0.3000-c6,e2b6b519,0.052373,0.054584,0.054599,0.054547,0.055556,0.017795,0.011285,0.009028,0.037814,0.057753,0.058259,0.058259,0.067202,1800,1577,1.027709
0.3,7,4,sw-t0.3000-c7,0c0c5dcc,0.052373,0.054584,0.054893,0.054836,0.055556,0.017795,0.011556,0.009245,0.037814,0.057753,0.058912,0.058912,0.067326,1894,1577,1.012750
0.3,8,4,sw-t0.3000-c8,020283d6,0.052373,0.054584,0.055064,0.055003,0.055556,0.017795,0.011664,0.009332,0.037814,0.057753,0.059348,0.059348,0.067380,1979,1577,1.018125
0.3,9,4,sw-t0.3000-c9,875543be,0.052373,0.054584,0.055064,0.055185,0.055556,0.017795,0.011664,0.009418,0.037814,0.057753,0.059348,0.059890,0.067477,2054,1577,1.011208
0.3,10,4,sw-t0.3000-c10,426d5763,0.052373,0.054584,0.055064,0.055212,0.055556,0.017795,0.011664,0.009462,0.037814,0.057753,0.059348,0.059892,0.067477,2123,1577,1.009375
0.3333,1,4,sw-t0.3333-c1,31a3a983,0.052373,0.041689,0.041608,0.041603,0.055556,0.011111,0.006944,0.005556,0.037814,0.037814,0.037814,0.037814,0.055556,712,1592,1.038166
0.3333,2,4,sw-t0.3333-c2,9019c914,0.052373,0.049886,0.049761,0.049739,0.055556,0.014583,0.009115,0.007292,0.037814,0.049179,0.049179,0.049179,0.063802,1084,1592,1.027125
0.3333,3,4,sw-t0.3333-c3,1608eb3f,0.052373,0.052098,0.051916,0.051880,0.055556,0.016059,0.010037,0.008030,0.037814,0.052674,0.052674,0.052674,0.065394,1310,1592,0.973334
0.3333,4,4,sw-t0.3333-c4,09b57e8a,0.052373,0.053409,0.053211,0.053170,0.055556,0.016927,0.010579,0.008464,0.037814,0.055548,0.055548,0.055548,0.066262,1462,1592,1.145833
0.3333,5,4,sw-t0.3333-c5,dabd3ca0,0.052373,0.054093,0.053863,0.053811,0.055556,0.017622,0.011013,0.008811,0.037814,0.056885,0.056885,0.056885,0.066696,1580,1592,1.038458
0.3333,6,4,sw-t0.3333-c6,1d9eb2f7,0.052373,0.054093,0.054108,0.054056,0.055556,0.017622,0.011176,0.008941,0.037814,0.056885,0.057391,0.057391,0.066840,1672,1592,1.053709
0.3333,7,4,sw-t0.3333-c7,de4d7255,0.052373,0.054093,0.054334,0.054277,0.055556,0.017622,0.011393,0.009115,0.037814,0.056885,0.057899,0.057899,0.066902,1744,1592,1.035625
0.3333,8,4,sw-t0.3333-c8,4496a04b,0.052373,0.054093,0.054506,0.054444,0.055556,0.017622,0.011502,0.009201,0.037814,0.056885,0.058335,0.058335,0.066957,1807,1592,1.044083
0.3333,9,4,sw-t0.3333-c9,ccb6dd97,0.052373,0.054093,0.054506,0.054575,0.055556,0.017622,0.011502,0.009245,0.037814,0.056885,0.058335,0.058769,0.067005,1861,1592,1.023292
0.3333,10,4,sw-t0.3333-c10,6debade7,0.052373,0.054093,0.054506,0.054603,0.055556,0.017622,0.011502,0.009288,0.037814,0.056885,0.058335,0.058771,0.067005,1909,1592,1.058875
0.375,1,4,sw-t0.3750-c1,a165416e,0.052373,0.041689,0.041608,0.041603,0.055556,0.011111,0.006944,0.005556,0.037814,0.037814,0.037814,0.037814,0.055556,702,1602,1.021083
0.375,2,4,sw-t0.3750-c2,9ed69c3c,0.052373,0.049793,0.049668,0.049646,0.055556,0.014497,0.009060,0.007248,0.037814,0.049092,0.049092,0.049092,0.063585,1063,1602,1.018209
0.375,3,4,sw-t0.3750-c3,ed204a0a,0.052373,0.052005,0.051823,0.051787,0.055556,0.015972,0.009983,0.007986,0.037814,0.052587,0.052587,0.052587,0.065177,1279,1602,1.016833
0.375,4,4,sw-t0.3750-c4,d186c630,0.052373,0.053316,0.053118,0.053078,0.055556,0.016840,0.010525,0.008420,0.037814,0.055461,0.055461,0.055461,0.066045,1425,1602,1.019958
0.375,5,4,sw-t0.3750-c5,18c12bbf,0.052373,0.054000,0.053770,0.053719,0.055556,0.017535,0.010959,0.008767,0.037814,0.056798,0.056798,0.056798,0.066479,1538,1602,1.016625
0.375,6,4,sw-t0.3750-c6,b311cf8b,0.052373,0.054000,0.054015,0.053963,0.055556,0.017535,0.011122,0.008898,0.037814,0.056798,0.057304,0.057304,0.066623,1624,1602,1.070875
0.375,7,4,sw-t0.3750-c7,1e66a270,0.052373,0.054000,0.054241,0.054184,0.055556,0.017535,0.011339,0.009071,0.037814,0.056798,0.057812,0.057812,0.066685,1691,1602,1.017958
0.375,8,4,sw-t0.3750-c8,8b3081a4,0.052373,0.054000,0.054413,0.054352,0.055556,0.017535,0.011447,0.009158,0.037814,0.056798,0.058248,0.058248,0.066740,1749,1602,1.051083
0.375,9,4,sw-t0.3750-c9,adc55007,0.052373,0.054000,0.054413,0.054482,0.055556,0.017535,0.011447,0.009201,0.037814,0.056798,0.058248,0.058682,0.066788,1798,1602,0.998333
0.375,10,4,sw-t0.3750-c10,5dcc8009,0.052373,0.054000,0.054413,0.054510,0.055556,0.017535,0.011447,0.009245,0.037814,0.056798,0.058248,0.058684,0.066788,1841,1602,1.010000
0.4,1,5,sw-t0.4000-c1,17ee6659,0.017940,0.014356,0.014332,0.014328,0.019097,0.003819,0.002387,0.001910,0.012625,0.012625,0.012625,0.012625,0.019097,183,2121,1.036042
0.4,2,5,sw-t0.4000-c2,b84a22be,0.017940,0.016006,0.015973,0.015964,0.019097,0.004514,0.002821,0.002257,0.012625,0.014766,0.014766,0.014766,0.020833,254,2121,1.035125
0.4,3,5,sw-t0.4000-c3,e68cae46,0.017940,0.016531,0.016482,0.016470,0.019097,0.004861,0.003038,0.002431,0.012625,0.015512,0.015512,0.015512,0.021267,298,2121,1.024666
0.4,4,5,sw-t0.4000-c4,59200cb5,0.017940,0.016943,0.016887,0.016872,0.019097,0.005122,0.003201,0.002561,0.012625,0.016403,0.016403,0.016403,0.021484,329,2121,1.059334
0.4,5,5,sw-t0.4000-c5,bcdc42ae,0.017940,0.016943,0.016887,0.016872,0.019097,0.005122,0.003201,0.002561,0.012625,0.016403,0.016403,0.016403,0.021484,352,2121,1.005833
0.4,6,5,sw-t0.4000-c6,a68504d9,0.017940,0.016943,0.016887,0.016872,0.019097,0.005122,0.003201,0.002561,0.012625,0.016403,0.016403,0.016403,0.021484,369,2121,1.032083
0.4,7,5,sw-t0.4000-c7,59b68310,0.017940,0.016943,0.016887,0.016872,0.019097,0.005122,0.003201,0.002561,0.012625,0.016403,0.016403,0.016403,0.021484,384,2121,1.174209
0.4,8,5,sw-t0.4000-c8,b6e0e179,0.017940,0.016943,0.016887,0.016872,0.019097,0.005122,0.003201,0.002561,0.012625,0.016403,0.016403,0.016403,0.021484,398,2121,1.067875
0.4,9,5,sw-t0.4000-c9,73bb7f1c,0.017940,0.016943,0.016887,0.016872,0.019097,0.005122,0.003201,0.002561,0.012625,0.016403,0.016403,0.016403,0.021484,410,2121,1.304833
0.4,10,5,sw-t0.4000-c10,6ae1d696,0.017940,0.016943,0.016887,0.016872,0.019097,0.005122,0.003201,0.002561,0.012625,0.016403,0.016403,0.016403,0.021484,421,2121,0.938708
0.4286,1,5,sw-t0.4286-c1,a850efd7,0.017940,0.014356,0.014332,0.014328,0.019097,0.003819,0.002387,0.001910,0.012625,0.012625,0.012625,0.012625,0.019097,171,2133,1.330625
0.4286,2,5,sw-t0.4286-c2,7e22670a,0.017940,0.015780,0.015746,0.015737,0.019097,0.004427,0.002767,0.002214,0.012625,0.014549,0.014549,0.014549,0.020616,232,2133,1.087834
0.4286,3,5,sw-t0.4286-c3,98f9c594,0.017940,0.016305,0.016256,0.016243,0.019097,0.004774,0.002984,0.002387,0.012625,0.015295,0.015295,0.015295,0.021050,265,2133,0.972542
0.4286,4,5,sw-t0.4286-c4,6a6acd22,0.017940,0.016343,0.016287,0.016272,0.019097,0.004861,0.003038,0.002431,0.012625,0.015318,0.015318,0.015318,0.021050,285,2133,1.175625
0.4286,5,5,sw-t0.4286-c5,a0798ca6,0.017940,0.016343,0.016287,0.016272,0.019097,0.004861,0.003038,0.002431,0.012625,0.015318,0.015318,0.015318,0.021050,299,2133,0.986458
0.4286,6,5,sw-t0.4286-c6,206c71f9,0.017940,0.016343,0.016287,0.016272,0.019097,0.004861,0.003038,0.002431,0.012625,0.015318,0.015318,0.015318,0.021050,307,2133,0.968208
0.4286,7,5,sw-t0.4286-c7,7c965541,0.017940,0.016343,0.016287,0.016272,0.019097,0.004861,0.003038,0.002431,0.012625,0.015318,0.015318,0.015318,0.021050,315,2133,0.966500
0.4286,8,5,sw-t0.4286-c8,ddab6ed7,0.017940,0.016343,0.016287,0.016272,0.019097,0.004861,0.003038,0.002431,0.012625,0.015318,0.015318,0.015318,0.021050,322,2133,0.951458
0.4286,9,5,sw-t0.4286-c9,48e6c4d3,0.017940,0.016343,0.016287,0.016272,0.019097,0.004861,0.003038,0.002431,0.012625,0.015318,0.015318,0.015318,0.021050,327,2133,0.970625
0.4286,10,5,sw-t0.4286-c10,490d8ebf,0.017940,0.016343,0.016287,0.016272,0.019097,0.004861,0.003038,0.002431,0.012625,0.015318,0.015318,0.015318,0.021050,331,2133,0.961417
0.4444,1,5,sw-t0.4444-c1,7a1ce6f2,0.017506,0.013922,0.013898,0.013894,0.018663,0.003733,0.002333,0.001866,0.012191,0.012191,0.012191,0.012191,0.018663,159,2145,1.006667
0.4444,2,5,sw-t0.4444-c2,b89580c8,0.017506,0.015346,0.015312,0.015303,0.018663,0.004340,0.002713,0.002170,0.012191,0.014115,0.014115,0.014115,0.020182,213,2145,0.983791
0.4444,3,5,sw-t0.4444-c3,87f6189e,0.017506,0.015871,0.015822,0.015809,0.018663,0.004687,0.002930,0.002344,0.012191,0.014861,0.014861,0.014861,0.020616,240,2145,0.937542
0.4444,4,5,sw-t0.4444-c4,f8268951,0.017506,0.015909,0.015853,0.015838,0.018663,0.004774,0.002984,0.002387,0.012191,0.014884,0.014884,0.014884,0.020616,257,2145,0.932209
0.4444,5,5,sw-t0.4444-c5,510f712f,0.017506,0.015909,0.015853,0.015838,0.018663,0.004774,0.002984,0.002387,0.012191,0.014884,0.014884,0.014884,0.020616,269,2145,0.935708
0.4444,6,5,sw-t0.4444-c6,20c44544,0.017506,0.015909,0.015853,0.015838,0.018663,0.004774,0.002984,0.002387,0.012191,0.014884,0.014884,0.014884,0.020616,275,2145,1.176667
0.4444,7,5,sw-t0.4444-c7,38e61967,0.017506,0.015909,0.015853,0.015838,0.018663,0.004774,0.002984,0.002387,0.012191,0.014884,0.014884,0.014884,0.020616,281,2145,1.004958
0.4444,8,5,sw-t0.4444-c8,922c8ac6,0.017506,0.015909,0.015853,0.015838,0.018663,0.004774,0.002984,0.002387,0.012191,0.014884,0.014884,0.014884,0.020616,286,2145,0.942584
0.4444,9,5,sw-t0.4444-c9,f1db8388,0.017506,0.015909,0.015853,0.015838,0.018663,0.004774,0.002984,0.002387,0.012191,0.014884,0.014884,0.014884,0.020616,290,2145,0.983584
0.4444,10,5,sw-t0.4444-c10,58b08461,0.017506,0.015909,0.015853,0.015838,0.018663,0.004774,0.002984,0.002387,0.012191,0.014884,0.014884,0.014884,0.020616,294,2145,0.981292
0.5,1,6,sw-t0.5000-c1,a5c06fa6,0.003617,0.003194,0.003194,0.003194,0.003906,0.000781,0.000488,0.000391,0.003183,0.003183,0.003183,0.003183,0.003906,32,2272,0.905667
0.5,2,6,sw-t0.5000-c2,e5dc51e3,0.003617,0.003741,0.003741,0.003741,0.003906,0.000955,0.000597,0.000477,0.003183,0.004051,0.004051,0.004051,0.004340,46,2272,0.943625
0.5,3,6,sw-t0.5000-c3,ca2267ed,0.003617,0.003873,0.003864,0.003864,0.003906,0.001042,0.000651,0.000521,0.003183,0.004123,0.004123,0.004123,0.004485,53,2272,1.010417
0.5,4,6,sw-t0.5000-c4,13bc30fb,0.003617,0.003873,0.003864,0.003864,0.003906,0.001042,0.000651,0.000521,0.003183,0.004123,0.004123,0.004123,0.004485,56,2272,0.980084
0.5,5,6,sw-t0.5000-c5,a860c4c1,0.003617,0.003873,0.003864,0.003864,0.003906,0.001042,0.000651,0.000521,0.003183,0.004123,0.004123,0.004123,0.004485,59,2272,0.910083
0.5,6,6,sw-t0.5000-c6,8145c2bb,0.003617,0.003873,0.003864,0.003864,0.003906,0.001042,0.000651,0.000521,0.003183,0.004123,0.004123,0.004123,0.004485,61,2272,0.915459
0.5,7,6,sw-t0.5000-c7,cd242e19,0.003617,0.003873,0.003864,0.003864,0.003906,0.001042,0.000651,0.000521,0.003183,0.004123,0.004123,0.004123,0.004485,63,2272,0.905834
0.5,8,6,sw-t0.5000-c8,2d950381,0.003617,0.003873,0.003864,0.003864,0.003906,0.001042,0.000651,0.000521,0.003183,0.004123,0.004123,0.004123,0.004485,65,2272,0.907833
0.5,9,6,sw-t0.5000-c9,c32ea82b,0.003617,0.003873,0.003864,0.003864,0.003906,0.001042,0.000651,0.000521,0.003183,0.004123,0.004123,0.004123,0.004485,66,2272,1.533292
0.5,10,6,sw-t0.5000-c10,a31621e9,0.003617,0.003873,0.003864,0.003864,0.003906,0.001042,0.000651,0.000521,0.003183,0.004123,0.004123,0.004123,0.004485,67,2272,1.104750
0.5556,1,6,sw-t0.5556-c1,cc6b13d3,0.003617,0.003194,0.003194,0.003194,0.003906,0.000781,0.000488,0.000391,0.003183,0.003183,0.003183,0.003183,0.003906,32,2272,0.973166
0.5556,2,6,sw-t0.5556-c2,97971070,0.003617,0.003741,0.003741,0.003741,0.003906,0.000955,0.000597,0.000477,0.003183,0.004051,0.004051,0.004051,0.004340,46,2272,1.019500
0.5556,3,6,sw-t0.5556-c3,76d9a04b,0.003617,0.003873,0.003864,0.003864,0.003906,0.001042,0.000651,0.000521,0.003183,0.004123,0.004123,0.004123,0.004485,53,2272,0.992583
0.5556,4,6,sw-t0.5556-c4,2ee1939a,0.003617,0.003873,0.003864,0.003864,0.003906,0.001042,0.000651,0.000521,0.003183,0.004123,0.004123,0.004123,0.004485,56,2272,0.916958
0.5556,5,6,sw-t0.5556-c5,50e73b94,0.003617,0.003873,0.003864,0.003864,0.003906,0.001042,0.000651,0.000521,0.003183,0.004123,0.004123,0.004123,0.004485,59,2272,0.963250
0.5556,6,6,sw-t0.5556-c6,937d5399,0.003617,0.003873,0.003864,0.003864,0.003906,0.001042,0.000651,0.000521,0.003183,0.004123,0.004123,0.004123,0.004485,61,2272,0.925375
0.5556,7,6,sw-t0.5556-c7,d25c1f68,0.003617,0.003873,0.003864,0.003864,0.003906,0.001042,0.000651,0.000521,0.003183,0.004123,0.004123,0.004123,0.004485,63,2272,1.027459
0.5556,8,6,sw-t0.5556-c8,0f8292f2,0.003617,0.003873,0.003864,0.003864,0.003906,0.001042,0.000651,0.000521,0.003183,0.004123,0.004123,0.004123,0.004485,65,2272,1.008667
0.5556,9,6,sw-t0.5556-c9,9429e0f3,0.003617,0.003873,0.003864,0.003864,0.003906,0.001042,0.000651,0.000521,0.003183,0.004123,0.004123,0.004123,0.004485,66,2272,0.958291
0.5556,10,6,sw-t0.5556-c10,644696e8,0.003617,0.003873,0.003864,0.003864,0.003906,0.001042,0.000651,0.000521,0.003183,0.004123,0.004123,0.004123,0.004485,67,2272,0.948041
0.5714,1,6,sw-t0.5714-c1,cf82fc8a,0.003183,0.002759,0.002759,0.002759,0.003472,0.000694,0.000434,0.000347,0.002749,0.002749,0.002749,0.002749,0.003472,26,2278,0.917958
0.5714,2,6,sw-t0.5714-c2,a24a3740,0.003183,0.003307,0.003307,0.003307,0.003472,0.000868,0.000543,0.000434,0.002749,0.003617,0.003617,0.003617,0.003906,36,2278,1.007459
0.5714,3,6,sw-t0.5714-c3,042e4304,0.003183,0.003307,0.003307,0.003307,0.003472,0.000868,0.000543,0.000434,0.002749,0.003617,0.003617,0.003617,0.003906,41,2278,1.032375
0.5714,4,6,sw-t0.5714-c4,a1121566,0.003183,0.003307,0.003307,0.003307,0.003472,0.000868,0.000543,0.000434,0.002749,0.003617,0.003617,0.003617,0.003906,43,2278,1.072958
0.5714,5,6,sw-t0.5714-c5,994ec108,0.003183,0.003307,0.003307,0.003307,0.003472,0.000868,0.000543,0.000434,0.002749,0.003617,0.003617,0.003617,0.003906,45,2278,0.945375
0.5714,6,6,sw-t0.5714-c6,3f7306c1,0.003183,0.003307,0.003307,0.003307,0.003472,0.000868,0.000543,0.000434,0.002749,0.003617,0.003617,0.003617,0.003906,47,2278,0.926084
0.5714,7,6,sw-t0.5714-c7,577f09b9,0.003183,0.003307,0.003307,0.003307,0.003472,0.000868,0.000543,0.000434,0.002749,0.003617,0.003617,0.003617,0.003906,49,2278,1.002167
0.5714,8,6,sw-t0.5714-c8,f4b33598,0.003183,0.003307,0.003307,0.003307,0.003472,0.000868,0.000543,0.000434,0.002749,0.003617,0.003617,0.003617,0.003906,51,2278,1.022334
0.5714,9,6,sw-t0.5714-c9,e5eae196,0.003183,0.003307,0.003307,0.003307,0.003472,0.000868,0.000543,0.000434,0.002749,0.003617,0.003617,0.003617,0.003906,52,2278,1.041750
0.5714,10,6,sw-t0.5714-c10,a1b049e5,0.003183,0.003307,0.003307,0.003307,0.003472,0.000868,0.000543,0.000434,0.002749,0.003617,0.003617,0.003617,0.003906,53,2278,0.911000
0.6,1,7,sw-t0.6000-c1,6561034c,0.000868,0.000868,0.000868,0.000868,0.000868,0.000174,0.000109,0.000087,0.000868,0.000868,0.000868,0.000868,0.000868,8,2296,0.922416
0.6,2,7,sw-t0.6000-c2,79448937,0.000868,0.001142,0.001142,0.001142,0.000868,0.000260,0.000163,0.000130,0.000868,0.001302,0.001302,0.001302,0.001085,11,2296,0.998625
0.6,3,7,sw-t0.6000-c3,32798576,0.000868,0.001142,0.001142,0.001142,0.000868,0.000260,0.000163,0.000130,0.000868,0.001302,0.001302,0.001302,0.001085,13,2296,0.924042
0.6,4,7,sw-t0.6000-c4,ffce9e32,0.000868,0.001142,0.001142,0.001142,0.000868,0.000260,0.000163,0.000130,0.000868,0.001302,0.001302,0.001302,0.001085,14,2296,0.916667
0.6,5,7,sw-t0.6000-c5,52c13e94,0.000868,0.001142,0.001142,0.001142,0.000868,0.000260,0.000163,0.000130,0.000868,0.001302,0.001302,0.001302,0.001085,15,2296,0.907042
0.6,6,7,sw-t0.6000-c6,26f683a1,0.000868,0.001142,0.001142,0.001142,0.000868,0.000260,0.000163,0.000130,0.000868,0.001302,0.001302,0.001302,0.001085,16,2296,0.948250
0.6,7,7,sw-t0.6000-c7,30588a6b,0.000868,0.001142,0.001142,0.001142,0.000868,0.000260,0.000163,0.000130,0.000868,0.001302,0.001302,0.001302,0.001085,17,2296,1.059584
0.6,8,7,sw-t0.6000-c8,e31b6398,0.000868,0.001142,0.001142,0.001142,0.000868,0.000260,0.000163,0.000130,0.000868,0.001302,0.001302,0.001302,0.001085,18,2296,0.906875
0.6,9,7,sw-t0.6000-c9,3aecf4b2,0.000868,0.001142,0.001142,0.001142,0.000868,0.000260,0.000163,0.000130,0.000868,0.001302,0.001302,0.001302,0.001085,19,2296,0.936708
0.6,10,7,sw-t0.6000-c10,c8b03ea9,0.000868,0.001142,0.001142,0.001142,0.000868,0.000260,0.000163,0.000130,0.000868,0.001302,0.001302,0.001302,0.001085,20,2296,0.974291
0.625,1,7,sw-t0.6250-c1,466d4ec0,0.000868,0.000868,0.000868,0.000868,0.000868,0.000174,0.000109,0.000087,0.000868,0.000868,0.000868,0.000868,0.000868,8,2296,1.161166
0.625,2,7,sw-t0.6250-c2,08467bcc,0.000868,0.001142,0.001142,0.001142,0.000868,0.000260,0.000163,0.000130,0.000868,0.001302,0.001302,0.001302,0.001085,11,2296,4.068458
0.625,3,7,sw-t0.6250-c3,21e3c2e5,0.000868,0.001142,0.001142,0.001142,0.000868,0.000260,0.000163,0.000130,0.000868,0.001302,0.001302,0.001302,0.001085,13,2296,1.296833
0.625,4,7,sw-t0.6250-c4,2b69a54f,0.000868,0.001142,0.001142,0.001142,0.000868,0.000260,0.000163,0.000130,0.000868,0.001302,0.001302,0.001302,0.001085,14,2296,1.821667
0.625,5,7,sw-t0.6250-c5,b419aeac,0.000868,0.001142,0.001142,0.001142,0.000868,0.000260,0.000163,0.000130,0.000868,0.001302,0.001302,0.001302,0.001085,15,2296,1.110541
0.625,6,7,sw-t0.6250-c6,6923ac08,0.000868,0.001142,0.001142,0.001142,0.000868,0.000260,0.000163,0.000130,0.000868,0.001302,0.001302,0.001302,0.001085,16,2296,1.949875
0.625,7,7,sw-t0.6250-c7,719fcb24,0.000868,0.001142,0.001142,0.001142,0.000868,0.000260,0.000163,0.000130,0.000868,0.001302,0.001302,0.001302,0.001085,17,2296,1.166542
0.625,8,7,sw-t0.6250-c8,a0173581,0.000868,0.001142,0.001142,0.001142,0.000868,0.000260,0.000163,0.000130,0.000868,0.001302,0.001302,0.001302,0.001085,18,2296,1.237042
0.625,9,7,sw-t0.6250-c9,b3754780,0.000868,0.001142,0.001142,0.001142,0.000868,0.000260,0.000163,0.000130,0.000868,0.001302,0.001302,0.001302,0.001085,19,2296,0.953666
0.625,10,7,sw-t0.6250-c10,338e4af4,0.000868,0.001142,0.001142,0.001142,0.000868,0.000260,0.000163,0.000130,0.000868,0.001302,0.001302,0.001302,0.001085,20,2296,0.981750
0.6667,1,7,sw-t0.6667-c1,4e9c30e4,0.000868,0.000868,0.000868,0.000868,0.000868,0.000174,0.000109,0.000087,0.000868,0.000868,0.000868,0.000868,0.000868,4,2300,1.005584
0.6667,2,7,sw-t0.6667-c2,2bfa4223,0.000868,0.000868,0.000868,0.000868,0.000868,0.000174,0.000109,0.000087,0.000868,0.000868,0.000868,0.000868,0.000868,5,2300,0.940042
0.6667,3,7,sw-t0.6667-c3,61f36dec,0.000868,0.000868,0.000868,0.000868,0.000868,0.000174,0.000109,0.000087,0.000868,0.000868,0.000868,0.000868,0.000868,6,2300,0.934958
0.6667,4,7,sw-t0.6667-c4,bcf3a202,0.000868,0.000868,0.000868,0.000868,0.000868,0.000174,0.000109,0.000087,0.000868,0.000868,0.000868,0.000868,0.000868,7,2300,0.949041
0.6667,5,7,sw-t0.6667-c5,173de743,0.000868,0.000868,0.000868,0.000868,0.000868,0.000174,0.000109,0.000087,0.000868,0.000868,0.000868,0.000868,0.000868,8,2300,0.975125
0.6667,6,7,sw-t0.6667-c6,670a4b51,0.000868,0.000868,0.000868,0.000868,0.000868,0.000174,0.000109,0.000087,0.000868,0.000868,0.000868,0.000868,0.000868,9,2300,0.925167
0.6667,7,7,sw-t0.6667-c7,f7ada47e,0.000868,0.000868,0.000868,0.000868,0.000868,0.000174,0.000109,0.000087,0.000868,0.000868,0.000868,0.000868,0.000868,10,2300,1.220792
0.6667,8,7,sw-t0.6667-c8,e2fb1391,0.000868,0.000868,0.000868,0.000868,0.000868,0.000174,0.000109,0.000087,0.000868,0.000868,0.000868,0.000868,0.000868,11,2300,1.078125
0.6667,9,7,sw-t0.6667-c9,9633790d,0.000868,0.000868,0.000868,0.000868,0.000868,0.000174,0.000109,0.000087,0.000868,0.000868,0.000868,0.000868,0.000868,12,2300,1.273167
0.6667,10,7,sw-t0.6667-c10,cea27fe2,0.000868,0.000868,0.000868,0.000868,0.000868,0.000174,0.000109,0.000087,0.000868,0.000868,0.000868,0.000868,0.000868,13,2300,0.970292
0.7,1,8,sw-t0.7000-c1,f388142f,0.000434,0.000434,0.000434,0.000434,0.000434,0.000087,0.000054,0.000043,0.000434,0.000434,0.000434,0.000434,0.000434,2,2302,1.189458
0.7,2,8,sw-t0.7000-c2,747bc704,0.000434,0.000434,0.000434,0.000434,0.000434,0.000087,0.000054,0.000043,0.000434,0.000434,0.000434,0.000434,0.000434,3,2302,1.081167
0.7,3,8,sw-t0.7000-c3,a317b113,0.000434,0.000434,0.000434,0.000434,0.000434,0.000087,0.000054,0.000043,0.000434,0.000434,0.000434,0.000434,0.000434,4,2302,1.036334
0.7,4,8,sw-t0.7000-c4,8f1e5159,0.000434,0.000434,0.000434,0.000434,0.000434,0.000087,0.000054,0.000043,0.000434,0.000434,0.000434,0.000434,0.000434,5,2302,1.058833
0.7,5,8,sw-t0.7000-c5,1d9fe45f,0.000434,0.000434,0.000434,0.000434,0.000434,0.000087,0.000054,0.000043,0.000434,0.000434,0.000434,0.000434,0.000434,6,2302,1.079834
0.7,6,8,sw-t0.7000-c6,8f9168f1,0.000434,0.000434,0.000434,0.000434,0.000434,0.000087,0.000054,0.000043,0.000434,0.000434,0.000434,0.000434,0.000434,7,2302,1.044708
0.7,7,8,sw-t0.7000-c7,c2f724b7,0.000434,0.000434,0.000434,0.000434,0.000434,0.000087,0.000054,0.000043,0.000434,0.000434,0.000434,0.000434,0.000434,8,2302,1.038417
0.7,8,8,sw-t0.7000-c8,83ed2758,0.000434,0.000434,0.000434,0.000434,0.000434,0.000087,0.000054,0.000043,0.000434,0.000434,0.000434,0.000434,0.000434,9,2302,1.033917
0.7,9,8,sw-t0.7000-c9,9c5c8607,0.000434,0.000434,0.000434,0.000434,0.000434,0.000087,0.000054,0.000043,0.000434,0.000434,0.000434,0.000434,0.000434,10,2302,1.079958
0.7,10,8,sw-t0.7000-c10,905d9b7f,0.000434,0.000434,0.000434,0.000434,0.000434,0.000087,0.000054,0.000043,0.000434,0.000434,0.000434,0.000434,0.000434,11,2302,1.027917
0.7143,1,8,sw-t0.7143-c1,58842590,0.000434,0.000434,0.000434,0.000434,0.000434,0.000087,0.000054,0.000043,0.000434,0.000434,0.000434,0.000434,0.000434,2,2302,1.047959
0.7143,2,8,sw-t0.7143-c2,f4245ed1,0.000434,0.000434,0.000434,0.000434,0.000434,0.000087,0.000054,0.000043,0.000434,0.000434,0.000434,0.000434,0.000434,3,2302,1.087792
0.7143,3,8,sw-t0.7143-c3,a0ec44ca,0.000434,0.000434,0.000434,0.000434,0.000434,0.000087,0.000054,0.000043,0.000434,0.000434,0.000434,0.000434,0.000434,4,2302,0.948583
0.7143,4,8,sw-t0.7143-c4,8bee72e5,0.000434,0.000434,0.000434,0.000434,0.000434,0.000087,0.000054,0.000043,0.000434,0.000434,0.000434,0.000434,0.000434,5,2302,0.936500
0.7143,5,8,sw-t0.7143-c5,46e7870d,0.000434,0.000434,0.000434,0.000434,0.000434,0.000087,0.000054,0.000043,0.000434,0.000434,0.000434,0.000434,0.000434,6,2302,0.988417
0.7143,6,8,sw-t0.7143-c6,6f281a23,0.000434,0.000434,0.000434,0.000434,0.000434,0.000087,0.000054,0.000043,0.000434,0.000434,0.000434,0.000434,0.000434,7,2302,1.298750
0.7143,7,8,sw-t0.7143-c7,77623ab2,0.000434,0.000434,0.000434,0.000434,0.000434,0.000087,0.000054,0.000043,0.000434,0.000434,0.000434,0.000434,0.000434,8,2302,1.034208
0.7143,8,8,sw-t0.7143-c8,f0dfcdab,0.000434,0.000434,0.000434,0.000434,0.000434,0.000087,0.000054,0.000043,0.000434,0.000434,0.000434,0.000434,0.000434,9,2302,1.007583
0.7143,9,8,sw-t0.7143-c9,23b40970,0.000434,0.000434,0.000434,0.000434,0.000434,0.000087,0.000054,0.000043,0.000434,0.000434,0.000434,0.000434,0.000434,10,2302,1.037459
0.7143,10,8,sw-t0.7143-c10,41919642,0.000434,0.000434,0.000434,0.000434,0.000434,0.000087,0.000054,0.000043,0.000434,0.000434,0.000434,0.000434,0.000434,11,2302,0.938584
0.75,1,8,sw-t0.7500-c1,2fff8ec8,0.000000,0.000000,0.000000,0.000000,0.000000,0.000000,0.000000,0.000000,0.000000,0.000000,0.000000,0.000000,0.000000,1,2303,0.940084
0.75,2,8,sw-t0.7500-c2,71b5757c,0.000000,0.000000,0.000000,0.000000,0.000000,0.000000,0.000000,0.000000,0.000000,0.000000,0.000000,0.000000,0.000000,2,2303,1.176708
0.75,3,8,sw-t0.7500-c3,c954121f,0.000000,0.000000,0.000000,0.000000,0.000000,0.000000,0.000000,0.000000,0.000000,0.000000,0.000000,0.000000,0.000000,3,2303,0.974083
0.75,4,8,sw-t0.7500-c4,0b23974b,0.000000,0.000000,0.000000,0.000000,0.000000,0.000000,0.000000,0.000000,0.000000,0.000000,0.000000,0.000000,0.000000,4,2303,0.944083
0.75,5,8,sw-t0.7500-c5,cd90dec3,0.000000,0.000000,0.000000,0.000000,0.000000,0.000000,0.000000,0.000000,0.000000,0.000000,0.000000,0.000000,0.000000,5,2303,0.982334
0.75,6,8,sw-t0.7500-c6,6cc80d94,0.000000,0.000000,0.000000,0.000000,0.000000,0.000000,0.000000,0.000000,0.000000,0.000000,0.000000,0.000000,0.000000,6,2303,0.913417
0.75,7,8,sw-t0.7500-c7,3ad01ddf,0.000000,0.000000,0.000000,0.000000,0.000000,0.000000,0.000000,0.000000,0.000000,0.000000,0.000000,0.000000,0.000000,7,2303,1.067292
0.75,8,8,sw-t0.7500-c8,aff13aac,0.000000,0.000000,0.000000,0.000000,0.000000,0.000000,0.000000,0.000000,0.000000,0.000000,0.000000,0.000000,0.000000,8,2303,1.019000
0.75,9,8,sw-t0.7500-c9,5b069945,0.000000,0.000000,0.000000,0.000000,0.000000,0.000000,0.000000,0.000000,0.000000,0.000000,0.000000,0.000000,0.000000,9,2303,1.071583
0.75,10,8,sw-t0.7500-c10,c0310789,0.000000,0.000000,0.000000,0.000000,0.000000,0.000000,0.000000,0.000000,0.000000,0.000000,0.000000,0.000000,0.000000,10,2303,0.961083
0.7778,1,8,sw-t0.7778-c1,2c68906a,0.000000,0.000000,0.000000,0.000000,0.000000,0.000000,0.000000,0.000000,0.000000,0.000000,0.000000,0.000000,0.000000,1,2303,0.926209
0.7778,2,8,sw-t0.7778-c2,b14455ee,0.000000,0.000000,0.000000,0.000000,0.000000,0.000000,0.000000,0.000000,0.000000,0.000000,0.000000,0.000000,0.000000,2,2303,0.939834
0.7778,3,8,sw-t0.7778-c3,4fb09d65,0.000000,0.000000,0.000000,0.000000,0.000000,0.000000,0.000000,0.000000,0.000000,0.000000,0.000000,0.000000,0.000000,3,2303,0.957833
0.7778,4,8,sw-t0.7778-c4,2ddc38f6,0.000000,0.000000,0.000000,0.000000,0.000000,0.000000,0.000000,0.000000,0.000000,0.000000,0.000000,0.000000,0.000000,4,2303,0.900333
0.7778,5,8,sw-t0.7778-c5,45a7cbf0,0.000000,0.000000,0.000000,0.000000,0.000000,0.000000,0.000000,0.000000,0.000000,0.000000,0.000000,0.000000,0.000000,5,2303,0.902541
0.7778,6,8,sw-t0.7778-c6,9cd586a5,0.000000,0.000000,0.000000,0.000000,0.000000,0.000000,0.000000,0.000000,0.000000,0.000000,0.000000,0.000000,0.000000,6,2303,0.903458
0.7778,7,8,sw-t0.7778-c7,e4760d16,0.000000,0.000000,0.000000,0.000000,0.000000,0.000000,0.000000,0.000000,0.000000,0.000000,0.000000,0.000000,0.000000,7,2303,0.919875
0.7778,8,8,sw-t0.7778-c8,c57fd202,0.000000,0.000000,0.000000,0.000000,0.000000,0.000000,0.000000,0.000000,0.000000,0.000000,0.000000,0.000000,0.000000,8,2303,0.909667
0.7778,9,8,sw-t0.7778-c9,6243d5d3,0.000000,0.000000,0.000000,0.000000,0.000000,0.000000,0.000000,0.000000,0.000000,0.000000,0.000000,0.000000,0.000000,9,2303,0.923458
0.7778,10,8,sw-t0.7778-c10,05e1ef1e,0.000000,0.000000,0.000000,0.000000,0.000000,0.000000,0.000000,0.000000,0.000000,0.000000,0.000000,0.000000,0.000000,10,2303,0.918125
0.8,1,9,sw-t0.8000-c1,b56bbd14,0.000000,0.000000,0.000000,0.000000,0.000000,0.000000,0.000000,0.000000,0.000000,0.000000,0.000000,0.000000,0.000000,1,2303,0.925750
0.8,2,9,sw-t0.8000-c2,898372f5,0.000000,0.000000,0.000000,0.000000,0.000000,0.000000,0.000000,0.000000,0.000000,0.000000,0.000000,0.000000,0.000000,2,2303,0.940833
0.8,3,9,sw-t0.8000-c3,dc0e5591,0.000000,0.000000,0.000000,0.000000,0.000000,0.000000,0.000000,0.000000,0.000000,0.000000,0.000000,0.000000,0.000000,3,2303,0.911000
0.8,4,9,sw-t0.8000-c4,eaf168aa,0.000000,0.000000,0.000000,0.000000,0.000000,0.000000,0.000000,0.000000,0.000000,0.000000,0.000000,0.000000,0.000000,4,2303,0.910042
0.8,5,9,sw-t0.8000-c5,84c344c0,0.000000,0.000000,0.000000,0.000000,0.000000,0.000000,0.000000,0.000000,0.000000,0.000000,0.000000,0.000000,0.000000,5,2303,0.903916
0.8,6,9,sw-t0.8000-c6,276030a7,0.000000,0.000000,0.000000,0.000000,0.000000,0.000000,0.000000,0.000000,0.000000,0.000000,0.000000,0.000000,0.000000,6,2303,0.931708
0.8,7,9,sw-t0.8000-c7,59b077c8,0.000000,0.000000,0.000000,0.000000,0.000000,0.000000,0.000000,0.000000,0.000000,0.000000,0.000000,0.000000,0.000000,7,2303,0.918667
0.8,8,9,sw-t0.8000-c8,03538581,0.000000,0.000000,0.000000,0.000000,0.000000,0.000000,0.000000,0.000000,0.000000,0.000000,0.000000,0.000000,0.000000,8,2303,0.950667
0.8,9,9,sw-t0.8000-c9,5b47ee68,0.000000,0.000000,0.000000,0.000000,0.000000,0.000000,0.000000,0.000000,0.000000,0.000000,0.000000,0.000000,0.000000,9,2303,0.908042
0.8,10,9,sw-t0.8000-c10,32a69214,0.000000,0.000000,0.000000,0.000000,0.000000,0.000000,0.000000,0.000000,0.000000,0.000000,0.000000,0.000000,0.000000,10,2303,0.902958
0.8333,1,9,sw-t0.8333-c1,7228af93,0.000000,0.000000,0.000000,0.000000,0.000000,0.000000,0.000000,0.000000,0.000000,0.000000,0.000000,0.000000,0.000000,1,2303,0.913125
0.8333,2,9,sw-t0.8333-c2,6a07c2be,0.000000,0.000000,0.000000,0.000000,0.000000,0.000000,0.000000,0.000000,0.000000,0.000000,0.000000,0.000000,0.000000,2,2303,0.937750
0.8333,3,9,sw-t0.8333-c3,b41d14de,0.000000,0.000000,0.000000,0.000000,0.000000,0.000000,0.000000,0.000000,0.000000,0.000000,0.000000,0.000000,0.000000,3,2303,0.927458
0.8333,4,9,sw-t0.8333-c4,4beaa657,0.000000,0.000000,0.000000,0.000000,0.000000,0.000000,0.000000,0.000000,0.000000,0.000000,0.000000,0.000000,0.000000,4,2303,0.916667
0.8333,5,9,sw-t0.8333-c5,d3c40418,0.000000,0.000000,0.000000,0.000000,0.000000,0.000000,0.000000,0.000000,0.000000,0.000000,0.000000,0.000000,0.000000,5,2303,1.000666
0.8333,6,9,sw-t0.8333-c6,689e8a04,0.000000,0.000000,0.000000,0.000000,0.000000,0.000000,0.000000,0.000000,0.000000,0.000000,0.000000,0.000000,0.000000,6,2303,1.035833
0.8333,7,9,sw-t0.8333-c7,10fe0de5,0.000000,0.000000,0.000000,0.000000,0.000000,0.000000,0.000000,0.000000,0.000000,0.000000,0.000000,0.000000,0.000000,7,2303,0.959833
0.8333,8,9,sw-t0.8333-c8,6bf9a2c9,0.000000,0.000000,0.000000,0.000000,0.000000,0.000000,0.000000,0.000000,0.000000,0.000000,0.000000,0.000000,0.000000,8,2303,1.051792
0.8333,9,9,sw-t0.8333-c9,0fbcb715,0.000000,0.000000,0.000000,0.000000,0.000000,0.000000,0.000000,0.000000,0.000000,0.000000,0.000000,0.000000,0.000000,9,2303,0.930042
0.8333,10,9,sw-t0.8333-c10,054ebb5e,0.000000,0.000000,0.000000,0.000000,0.000000,0.000000,0.000000,0.000000,0.000000,0.000000,0.000000,0.000000,0.000000,10,2303,0.941958
0.8571,1,9,sw-t0.8571-c1,838378a1,0.000000,0.000000,0.000000,0.000000,0.000000,0.000000,0.000000,0.000000,0.000000,0.000000,0.000000,0.000000,0.000000,1,2303,1.015958
0.8571,2,9,sw-t0.8571-c2,4d4f2eb3,0.000000,0.000000,0.000000,0.000000,0.000000,0.000000,0.000000,0.000000,0.000000,0.000000,0.000000,0.000000,0.000000,2,2303,1.003000
0.8571,3,9,sw-t0.8571-c3,e119b4ed,0.000000,0.000000,0.000000,0.000000,0.000000,0.000000,0.000000,0.000000,0.000000,0.000000,0.000000,0.000000,0.000000,3,2303,0.974333
0.8571,4,9,sw-t0.8571-c4,0a3ca9d3,0.000000,0.000000,0.000000,0.000000,0.000000,0.000000,0.000000,0.000000,0.000000,0.000000,0.000000,0.000000,0.000000,4,2303,0.931083
0.8571,5,9,sw-t0.8571-c5,a148734c,0.000000,0.000000,0.000000,0.000000,0.000000,0.000000,0.000000,0.000000,0.000000,0.000000,0.000000,0.000000,0.000000,5,2303,0.944042
0.8571,6,9,sw-t0.8571-c6,9e346864,0.000000,0.000000,0.000000,0.000000,0.000000,0.000000,0.000000,0.000000,0.000000,0.000000,0.000000,0.000000,0.000000,6,2303,0.983792
0.8571,7,9,sw-t0.8571-c7,622a7a3d,0.000000,0.000000,0.000000,0.000000,0.000000,0.000000,0.000000,0.000000,0.000000,0.000000,0.000000,0.000000,0.000000,7,2303,0.933000
0.8571,8,9,sw-t0.8571-c8,a7e924d0,0.000000,0.000000,0.000000,0.000000,0.000000,0.000000,0.000000,0.000000,0.000000,0.000000,0.000000,0.000000,0.000000,8,2303,0.915209
0.8571,9,9,sw-t0.8571-c9,37744fec,0.000000,0.000000,0.000000,0.000000,0.000000,0.000000,0.000000,0.000000,0.000000,0.000000,0.000000,0.000000,0.000000,9,2303,0.962750
0.8571,10,9,sw-t0.8571-c10,209c375e,0.000000,0.000000,0.000000,0.000000,0.000000,0.000000,0.000000,0.000000,0.000000,0.000000,0.000000,0.000000,0.000000,10,2303,0.938958
0.875,1,9,sw-t0.8750-c1,2692b115,0.000000,0.000000,0.000000,0.000000,0.000000,0.000000,0.000000,0.000000,0.000000,0.000000,0.000000,0.000000,0.000000,1,2303,0.965291
0.875,2,9,sw-t0.8750-c2,b847efff,0.000000,0.000000,0.000000,0.000000,0.000000,0.000000,0.000000,0.000000,0.000000,0.000000,0.000000,0.000000,0.000000,2,2303,0.950542
0.875,3,9,sw-t0.8750-c3,e34da7e8,0.000000,0.000000,0.000000,0.000000,0.000000,0.000000,0.000000,0.000000,0.000000,0.000000,0.000000,0.000000,0.000000,3,2303,0.948541
0.875,4,9,sw-t0.8750-c4,00ade3ad,0.000000,0.000000,0.000000,0.000000,0.000000,0.000000,0.000000,0.000000,0.000000,0.000000,0.000000,0.000000,0.000000,4,2303,0.937750
0.875,5,9,sw-t0.8750-c5,d61b98c4,0.000000,0.000000,0.000000,0.000000,0.000000,0.000000,0.000000,0.000000,0.000000,0.000000,0.000000,0.000000,0.000000,5,2303,0.921417
0.875,6,9,sw-t0.8750-c6,6b2ecf07,0.000000,0.000000,0.000000,0.000000,0.000000,0.000000,0.000000,0.000000,0.000000,0.000000,0.000000,0.000000,0.000000,6,2303,1.020417
0.875,7,9,sw-t0.8750-c7,a45dedb1,0.000000,0.000000,0.000000,0.000000,0.000000,0.000000,0.000000,0.000000,0.000000,0.000000,0.000000,0.000000,0.000000,7,2303,0.957041
0.875,8,9,sw-t0.8750-c8,e4392db0,0.000000,0.000000,0.000000,0.000000,0.000000,0.000000,0.000000,0.000000,0.000000,0.000000,0.000000,0.000000,0.000000,8,2303,1.239417
0.875,9,9,sw-t0.8750-c9,36fe646c,0.000000,0.000000,0.000000,0.000000,0.000000,0.000000,0.000000,0.000000,0.000000,0.000000,0.000000,0.000000,0.000000,9,2303,0.992916
0.875,10,9,sw-t0.8750-c10,68218691,0.000000,0.000000,0.000000,0.000000,0.000000,0.000000,0.000000,0.000000,0.000000,0.000000,0.000000,0.000000,0.000000,10,2303,0.959417
0.8889,1,9,sw-t0.8889-c1,69a15318,0.000000,0.000000,0.000000,0.000000,0.000000,0.000000,0.000000,0.000000,0.000000,0.000000,0.000000,0.000000,0.000000,1,2303,0.891708
0.8889,2,9,sw-t0.8889-c2,378e6fd3,0.000000,0.000000,0.000000,0.000000,0.000000,0.000000,0.000000,0.000000,0.000000,0.000000,0.000000,0.000000,0.000000,2,2303,1.090209
0.8889,3,9,sw-t0.8889-c3,6a4bb905,0.000000,0.000000,0.000000,0.000000,0.000000,0.000000,0.000000,0.000000,0.000000,0.000000,0.000000,0.000000,0.000000,3,2303,0.965667
0.8889,4,9,sw-t0.8889-c4,58f16390,0.000000,0.000000,0.000000,0.000000,0.000000,0.000000,0.000000,0.000000,0.000000,0.000000,0.000000,0.000000,0.000000,4,2303,0.993667
0.8889,5,9,sw-t0.8889-c5,85e1b6e5,0.000000,0.000000,0.000000,0.000000,0.000000,0.000000,0.000000,0.000000,0.000000,0.000000,0.000000,0.000000,0.000000,5,2303,0.957625
0.8889,6,9,sw-t0.8889-c6,30a3dff9,0.000000,0.000000,0.000000,0.000000,0.000000,0.000000,0.000000,0.000000,0.000000,0.000000,0.000000,0.000000,0.000000,6,2303,0.934750
0.8889,7,9,sw-t0.8889-c7,742612c7,0.000000,0.000000,0.000000,0.000000,0.000000,0.000000,0.000000,0.000000,0.000000,0.000000,0.000000,0.000000,0.000000,7,2303,1.145958
0.8889,8,9,sw-t0.8889-c8,85f3b428,0.000000,0.000000,0.000000,0.000000,0.000000,0.000000,0.000000,0.000000,0.000000,0.000000,0.000000,0.000000,0.000000,8,2303,1.082167
0.8889,9,9,sw-t0.8889-c9,dcdb1840,0.000000,0.000000,0.000000,0.000000,0.000000,0.000000,0.000000,0.000000,0.000000,0.000000,0.000000,0.000000,0.000000,9,2303,1.284666
0.8889,10,9,sw-t0.8889-c10,d444e15e,0.000000,0.000000,0.000000,0.000000,0.000000,0.000000,0.000000,0.000000,0.000000,0.000000,0.000000,0.000000,0.000000,10,2303,1.035500
0.9,1,10,sw-t0.9000-c1,9c4fa92c,0.000000,0.000000,0.000000,0.000000,0.000000,0.000000,0.000000,0.000000,0.000000,0.000000,0.000000,0.000000,0.000000,1,2303,0.959792
0.9,2,10,sw-t0.9000-c2,6fdc5b61,0.000000,0.000000,0.000000,0.000000,0.000000,0.000000,0.000000,0.000000,0.000000,0.000000,0.000000,0.000000,0.000000,2,2303,1.113625
0.9,3,10,sw-t0.9000-c3,59f60f6e,0.000000,0.000000,0.000000,0.000000,0.000000,0.000000,0.000000,0.000000,0.000000,0.000000,0.000000,0.000000,0.000000,3,2303,0.941584
0.9,4,10,sw-t0.9000-c4,65614e86,0.000000,0.000000,0.000000,0.000000,0.000000,0.000000,0.000000,0.000000,0.000000,0.000000,0.000000,0.000000,0.000000,4,2303,1.084500
0.9,5,10,sw-t0.9000-c5,ff6db178,0.000000,0.000000,0.000000,0.000000,0.000000,0.000000,0.000000,0.000000,0.000000,0.000000,0.000000,0.000000,0.000000,5,2303,0.995000
0.9,6,10,sw-t0.9000-c6,4e0ec35a,0.000000,0.000000,0.000000,0.000000,0.000000,0.000000,0.000000,0.000000,0.000000,0.000000,0.000000,0.000000,0.000000,6,2303,1.108583
0.9,7,10,sw-t0.9000-c7,e50f8f9f,0.000000,0.000000,0.000000,0.000000,0.000000,0.000000,0.000000,0.000000,0.000000,0.000000,0.000000,0.000000,0.000000,7,2303,1.189375
0.9,8,10,sw-t0.9000-c8,9fffa468,0.000000,0.000000,0.000000,0.000000,0.000000,0.000000,0.000000,0.000000,0.000000,0.000000,0.000000,0.000000,0.000000,8,2303,0.968875
0.9,9,10,sw-t0.9000-c9,2b9991b2,0.000000,0.000000,0.000000,0.000000,0.000000,0.000000,0.000000,0.000000,0.000000,0.000000,0.000000,0.000000,0.000000,9,2303,0.981292
0.9,10,10,sw-t0.9000-c10,788e9fcf,0.000000,0.000000,0.000000,0.000000,0.000000,0.000000,0.000000,0.000000,0.000000,0.000000,0.000000,0.000000,0.000000,10,2303,1.188209
1,1,,sw-t1.0000-c1,e3236e45,0.000000,0.000000,0.000000,0.000000,0.000000,0.000000,0.000000,0.000000,0.000000,0.000000,0.000000,0.000000,0.000000,0,2304,0.911708
1,2,,sw-t1.0000-c2,ab911c09,0.000000,0.000000,0.000000,0.000000,0.000000,0.000000,0.000000,0.000000,0.000000,0.000000,0.000000,0.000000,0.000000,0,2304,0.898042
1,3,,sw-t1.0000-c3,86ac7f8d,0.000000,0.000000,0.000000,0.000000,0.000000,0.000000,0.000000,0.000000,0.000000,0.000000,0.000000,0.000000,0.000000,0,2304,0.892667
1,4,,sw-t1.0000-c4,9dd35f04,0.000000,0.000000,0.000000,0.000000,0.000000,0.000000,0.000000,0.000000,0.000000,0.000000,0.000000,0.000000,0.000000,0,2304,0.934584
1,5,,sw-t1.0000-c5,cf87b713,0.000000,0.000000,0.000000,0.000000,0.000000,0.000000,0.000000,0.000000,0.000000,0.000000,0.000000,0.000000,0.000000,0,2304,0.900541
1,6,,sw-t1.0000-c6,f0623b10,0.000000,0.000000,0.000000,0.000000,0.000000,0.000000,0.000000,0.000000,0.000000,0.000000,0.000000,0.000000,0.000000,0,2304,0.906458
1,7,,sw-t1.0000-c7,8b701129,0.000000,0.000000,0.000000,0.000000,0.000000,0.000000,0.000000,0.000000,0.000000,0.000000,0.000000,0.000000,0.000000,0,2304,0.993375
1,8,,sw-t1.0000-c8,0d05c90a,0.000000,0.000000,0.000000,0.000000,0.000000,0.000000,0.000000,0.000000,0.000000,0.000000,0.000000,0.000000,0.000000,0,2304,0.941083
1,9,,sw-t1.0000-c9,eec26535,0.000000,0.000000,0.000000,0.000000,0.000000,0.000000,0.000000,0.000000,0.000000,0.000000,0.000000,0.000000,0.000000,0,2304,0.940833
1,10,,sw-t1.0000-c10,404eaf8f,0.000000,0.000000,0.000000,0.000000,0.000000,0.000000,0.000000,0.000000,0.000000,0.000000,0.000000,0.000000,0.000000,0,2304,0.909208
0.15,null,2,sw-t0.1500-cnull,1154b598,0.097078,0.129059,0.140167,0.145111,0.101997,0.049306,0.037543,0.032682,0.071147,0.158169,0.188652,0.204572,0.153835,22213,11,0.966833
0,null,1,sw-t0.0000-cnull,995690dc,0.097078,0.129059,0.140393,0.145337,0.101997,0.049306,0.037652,0.032769,0.071147,0.158169,0.189303,0.205223,0.153951,23040,0,1.465375
